<?xml version="1.0" encoding="UTF-8"?>
<orders>
  <order>
    <recipes>
      <recipe>
        <id>2</id>
        <user_id>1</user_id>
        <name>Silla</name>
        <price>16.50</price>
        <created_at>2023-08-27 23:40:07</created_at>
        <updated_at>2023-08-27 23:40:07</updated_at>
        <quantity>2</quantity>
        <total>33.00</total>
      </recipe>
    </recipes>
    <total>33</total>
    <id>1</id>
    <user_id>1</user_id>
    <customer_name>Marco Antonio Solis</customer_name>
    <created_at>2023-08-28 05:09:37</created_at>
    <updated_at>2023-08-28 05:09:37</updated_at>
  </order>
</orders>
