<?xml version="1.0" encoding="UTF-8"?>
<order>
  <total>71.12</total>
  <id>1</id>
  <user_id>1</user_id>
  <customer_name>Steven Jefferson Pozo Analuisa</customer_name>
  <created_at>2023-08-30 00:06:04</created_at>
  <updated_at>2023-08-30 00:06:04</updated_at>
  <recipes>
    <recipe>
      <id>3</id>
      <user_id>1</user_id>
      <name>Mesa</name>
      <price>35.56</price>
      <created_at>2023-08-30 00:05:17</created_at>
      <updated_at>2023-08-30 00:05:17</updated_at>
      <quantity>2</quantity>
      <total>71.12</total>
    </recipe>
  </recipes>
  <totalPrice>71.12</totalPrice>
</order>
