<?xml version="1.0" encoding="UTF-8"?>
<order>
  <total>324</total>
  <id>1</id>
  <user_id>1</user_id>
  <customer_name>Carlos Javier Granda Velasquez</customer_name>
  <created_at>2023-08-30 07:58:43</created_at>
  <updated_at>2023-08-30 07:58:43</updated_at>
  <estatus>1</estatus>
  <recipes>
    <recipe>
      <id>1</id>
      <user_id>1</user_id>
      <name>Mesa</name>
      <price>162.00</price>
      <estatus>1</estatus>
      <created_at>2023-08-30 07:58:11</created_at>
      <updated_at>2023-08-30 07:58:11</updated_at>
      <quantity>2</quantity>
      <total>324.00</total>
    </recipe>
  </recipes>
  <totalPrice>324</totalPrice>
</order>
