<?xml version="1.0" encoding="UTF-8"?>
<order>
  <total>0.23</total>
  <id>4</id>
  <user_id>1</user_id>
  <customer_name>Joel Daniel Arguello Espinosa</customer_name>
  <created_at>2023-08-30 07:33:26</created_at>
  <updated_at>2023-08-30 07:33:26</updated_at>
  <estatus>1</estatus>
  <recipes>
    <recipe>
      <id>4</id>
      <user_id>1</user_id>
      <name>Armario xl</name>
      <price>0.23</price>
      <estatus>1</estatus>
      <created_at>2023-08-30 07:28:42</created_at>
      <updated_at>2023-08-30 07:28:42</updated_at>
      <quantity>1</quantity>
      <total>0.23</total>
    </recipe>
  </recipes>
  <totalPrice>0.23</totalPrice>
</order>
