<?xml version="1.0" encoding="UTF-8"?>
<order>
  <total>162</total>
  <id>3</id>
  <user_id>1</user_id>
  <customer_name>Ana Karla</customer_name>
  <created_at>2023-08-30 07:31:59</created_at>
  <updated_at>2023-08-30 07:31:59</updated_at>
  <estatus>1</estatus>
  <recipes>
    <recipe>
      <id>1</id>
      <user_id>1</user_id>
      <name>Mesa</name>
      <price>162.00</price>
      <estatus>1</estatus>
      <created_at>2023-08-30 07:58:11</created_at>
      <updated_at>2023-08-30 07:58:11</updated_at>
      <quantity>1</quantity>
      <total>162.00</total>
    </recipe>
  </recipes>
  <totalPrice>162</totalPrice>
</order>
