<?xml version="1.0" encoding="UTF-8"?>
<products>
  <product>
    <id_producto>3</id_producto>
    <name>Madera</name>
    <supplier>1</supplier>
    <price>1.00</price>
    <stock>1</stock>
    <date_add>2023-08-29 07:56:29</date_add>
    <id_user>1</id_user>
  </product>
  <product>
    <id_producto>4</id_producto>
    <name>Triplex222</name>
    <supplier>1</supplier>
    <price>34.56</price>
    <stock>2</stock>
    <date_add>2023-08-29 12:18:06</date_add>
    <id_user>1</id_user>
  </product>
</products>
