<?xml version="1.0" encoding="UTF-8"?>
<orders>
  <order>
    <recipes>
      <recipe>
        <id>1</id>
        <user_id>1</user_id>
        <name>Mesa</name>
        <price>372.80</price>
        <created_at>2023-08-30 03:44:36</created_at>
        <updated_at>2023-08-30 03:44:36</updated_at>
        <quantity>8</quantity>
        <total>2982.40</total>
      </recipe>
    </recipes>
    <total>2982.4</total>
    <id>1</id>
    <user_id>1</user_id>
    <customer_name>Steven Daniel Pozo Analuisa</customer_name>
    <created_at>2023-08-30 03:45:24</created_at>
    <updated_at>2023-08-30 03:45:24</updated_at>
  </order>
</orders>
