<?xml version="1.0" encoding="UTF-8"?>
<products>
  <product>
    <id_producto>1</id_producto>
    <name>Madera</name>
    <supplier>2</supplier>
    <price>1.00</price>
    <stock>12</stock>
    <date_add>2023-08-27 06:19:46</date_add>
    <id_user>1</id_user>
    <average_price>1.003333</average_price>
    <tendencia>3</tendencia>
  </product>
  <product>
    <id_producto>2</id_producto>
    <name>Tornillo</name>
    <supplier>1</supplier>
    <price>0.10</price>
    <stock>100</stock>
    <date_add>2023-08-24 08:19:02</date_add>
    <id_user>1</id_user>
    <average_price>0.125000</average_price>
    <tendencia>2</tendencia>
  </product>
  <product>
    <id_producto>3</id_producto>
    <name>Tabla Triplex</name>
    <supplier>1</supplier>
    <price>15.00</price>
    <stock>50</stock>
    <date_add>2023-08-27 08:19:02</date_add>
    <id_user>1</id_user>
    <average_price/>
    <tendencia>0</tendencia>
  </product>
  <product>
    <id_producto>4</id_producto>
    <name>Martillo</name>
    <supplier>1</supplier>
    <price>8.00</price>
    <stock>75</stock>
    <date_add>2023-08-27 08:19:02</date_add>
    <id_user>1</id_user>
    <average_price/>
    <tendencia>1</tendencia>
  </product>
  <product>
    <id_producto>5</id_producto>
    <name>Destornillador</name>
    <supplier>1</supplier>
    <price>2.50</price>
    <stock>120</stock>
    <date_add>2023-08-27 08:19:02</date_add>
    <id_user>1</id_user>
    <average_price/>
    <tendencia>0</tendencia>
  </product>
  <product>
    <id_producto>6</id_producto>
    <name>Sierra Circular</name>
    <supplier>1</supplier>
    <price>75.00</price>
    <stock>20</stock>
    <date_add>2023-08-27 08:19:02</date_add>
    <id_user>1</id_user>
    <average_price/>
    <tendencia>0</tendencia>
  </product>
  <product>
    <id_producto>7</id_producto>
    <name>Cinta Métrica</name>
    <supplier>1</supplier>
    <price>4.00</price>
    <stock>90</stock>
    <date_add>2023-08-27 08:19:02</date_add>
    <id_user>1</id_user>
    <average_price/>
    <tendencia>0</tendencia>
  </product>
  <product>
    <id_producto>8</id_producto>
    <name>Pintura Blanca</name>
    <supplier>1</supplier>
    <price>20.00</price>
    <stock>30</stock>
    <date_add>2023-08-27 08:19:02</date_add>
    <id_user>1</id_user>
    <average_price/>
    <tendencia>0</tendencia>
  </product>
  <product>
    <id_producto>9</id_producto>
    <name>Llave Ajustable</name>
    <supplier>1</supplier>
    <price>10.00</price>
    <stock>60</stock>
    <date_add>2023-08-27 08:19:02</date_add>
    <id_user>1</id_user>
    <average_price/>
    <tendencia>0</tendencia>
  </product>
  <product>
    <id_producto>10</id_producto>
    <name>Pegamento Multiuso</name>
    <supplier>1</supplier>
    <price>3.00</price>
    <stock>80</stock>
    <date_add>2023-08-27 08:19:02</date_add>
    <id_user>1</id_user>
    <average_price/>
    <tendencia>0</tendencia>
  </product>
  <product>
    <id_producto>11</id_producto>
    <name>Cepillo de Carpintero</name>
    <supplier>1</supplier>
    <price>12.00</price>
    <stock>40</stock>
    <date_add>2023-08-27 08:19:02</date_add>
    <id_user>1</id_user>
    <average_price/>
    <tendencia>0</tendencia>
  </product>
  <product>
    <id_producto>12</id_producto>
    <name>Perno</name>
    <supplier>1</supplier>
    <price>0.20</price>
    <stock>150</stock>
    <date_add>2023-08-27 08:19:02</date_add>
    <id_user>1</id_user>
    <average_price/>
    <tendencia>0</tendencia>
  </product>
  <product>
    <id_producto>13</id_producto>
    <name>Serrucho</name>
    <supplier>1</supplier>
    <price>20.00</price>
    <stock>25</stock>
    <date_add>2023-08-27 08:19:02</date_add>
    <id_user>1</id_user>
    <average_price/>
    <tendencia>0</tendencia>
  </product>
  <product>
    <id_producto>14</id_producto>
    <name>Guantes de Trabajo</name>
    <supplier>1</supplier>
    <price>1.50</price>
    <stock>110</stock>
    <date_add>2023-08-27 08:19:02</date_add>
    <id_user>1</id_user>
    <average_price/>
    <tendencia>0</tendencia>
  </product>
  <product>
    <id_producto>15</id_producto>
    <name>Clavos de Acero</name>
    <supplier>1</supplier>
    <price>0.05</price>
    <stock>200</stock>
    <date_add>2023-08-27 08:19:02</date_add>
    <id_user>1</id_user>
    <average_price/>
    <tendencia>0</tendencia>
  </product>
  <product>
    <id_producto>16</id_producto>
    <name>Nivel de Burbuja</name>
    <supplier>1</supplier>
    <price>5.00</price>
    <stock>70</stock>
    <date_add>2023-08-27 08:19:02</date_add>
    <id_user>1</id_user>
    <average_price/>
    <tendencia>0</tendencia>
  </product>
  <product>
    <id_producto>17</id_producto>
    <name>Lijadora Eléctrica</name>
    <supplier>1</supplier>
    <price>60.00</price>
    <stock>15</stock>
    <date_add>2023-08-27 08:19:02</date_add>
    <id_user>1</id_user>
    <average_price/>
    <tendencia>0</tendencia>
  </product>
  <product>
    <id_producto>18</id_producto>
    <name>Escalera Plegable</name>
    <supplier>1</supplier>
    <price>35.00</price>
    <stock>10</stock>
    <date_add>2023-08-27 08:19:02</date_add>
    <id_user>1</id_user>
    <average_price/>
    <tendencia>0</tendencia>
  </product>
  <product>
    <id_producto>19</id_producto>
    <name>Cinta Adhesiva</name>
    <supplier>1</supplier>
    <price>0.50</price>
    <stock>180</stock>
    <date_add>2023-08-27 08:19:02</date_add>
    <id_user>1</id_user>
    <average_price/>
    <tendencia>0</tendencia>
  </product>
  <product>
    <id_producto>20</id_producto>
    <name>Pincel para Pintura</name>
    <supplier>1</supplier>
    <price>1.50</price>
    <stock>95</stock>
    <date_add>2023-08-27 08:19:02</date_add>
    <id_user>1</id_user>
    <average_price/>
    <tendencia>0</tendencia>
  </product>
  <product>
    <id_producto>21</id_producto>
    <name>Gafas de Seguridad</name>
    <supplier>1</supplier>
    <price>2.00</price>
    <stock>130</stock>
    <date_add>2023-08-27 08:19:02</date_add>
    <id_user>1</id_user>
    <average_price/>
    <tendencia>0</tendencia>
  </product>
  <product>
    <id_producto>22</id_producto>
    <name>Destornillador Phillips</name>
    <supplier>1</supplier>
    <price>2.00</price>
    <stock>100</stock>
    <date_add>2023-08-27 08:19:41</date_add>
    <id_user>1</id_user>
    <average_price/>
    <tendencia>0</tendencia>
  </product>
  <product>
    <id_producto>23</id_producto>
    <name>Taladro Inalámbrico</name>
    <supplier>1</supplier>
    <price>120.00</price>
    <stock>30</stock>
    <date_add>2023-08-27 08:19:41</date_add>
    <id_user>1</id_user>
    <average_price/>
    <tendencia>0</tendencia>
  </product>
  <product>
    <id_producto>24</id_producto>
    <name>Llave Inglesa</name>
    <supplier>1</supplier>
    <price>6.00</price>
    <stock>80</stock>
    <date_add>2023-08-27 08:19:41</date_add>
    <id_user>1</id_user>
    <average_price/>
    <tendencia>0</tendencia>
  </product>
  <product>
    <id_producto>25</id_producto>
    <name>Pala de Jardín</name>
    <supplier>1</supplier>
    <price>15.00</price>
    <stock>40</stock>
    <date_add>2023-08-27 08:19:41</date_add>
    <id_user>1</id_user>
    <average_price/>
    <tendencia>0</tendencia>
  </product>
  <product>
    <id_producto>26</id_producto>
    <name>Caja de Clavos</name>
    <supplier>1</supplier>
    <price>3.00</price>
    <stock>150</stock>
    <date_add>2023-08-27 08:19:41</date_add>
    <id_user>1</id_user>
    <average_price/>
    <tendencia>0</tendencia>
  </product>
  <product>
    <id_producto>27</id_producto>
    <name>Sierra de Mano</name>
    <supplier>1</supplier>
    <price>10.00</price>
    <stock>60</stock>
    <date_add>2023-08-27 08:19:41</date_add>
    <id_user>1</id_user>
    <average_price/>
    <tendencia>0</tendencia>
  </product>
  <product>
    <id_producto>28</id_producto>
    <name>Pintura Roja</name>
    <supplier>1</supplier>
    <price>18.00</price>
    <stock>25</stock>
    <date_add>2023-08-27 08:19:41</date_add>
    <id_user>1</id_user>
    <average_price/>
    <tendencia>0</tendencia>
  </product>
  <product>
    <id_producto>29</id_producto>
    <name>Tijeras de Podar</name>
    <supplier>1</supplier>
    <price>8.00</price>
    <stock>70</stock>
    <date_add>2023-08-27 08:19:41</date_add>
    <id_user>1</id_user>
    <average_price/>
    <tendencia>0</tendencia>
  </product>
  <product>
    <id_producto>30</id_producto>
    <name>Cemento de Reparación</name>
    <supplier>1</supplier>
    <price>5.00</price>
    <stock>90</stock>
    <date_add>2023-08-27 08:19:41</date_add>
    <id_user>1</id_user>
    <average_price/>
    <tendencia>0</tendencia>
  </product>
  <product>
    <id_producto>31</id_producto>
    <name>Cincel</name>
    <supplier>1</supplier>
    <price>3.50</price>
    <stock>110</stock>
    <date_add>2023-08-27 08:19:41</date_add>
    <id_user>1</id_user>
    <average_price/>
    <tendencia>0</tendencia>
  </product>
  <product>
    <id_producto>32</id_producto>
    <name>Lápiz de Carpintero</name>
    <supplier>1</supplier>
    <price>1.00</price>
    <stock>200</stock>
    <date_add>2023-08-27 08:19:41</date_add>
    <id_user>1</id_user>
    <average_price/>
    <tendencia>1</tendencia>
  </product>
  <product>
    <id_producto>33</id_producto>
    <name>Llave de Tubo</name>
    <supplier>1</supplier>
    <price>8.00</price>
    <stock>45</stock>
    <date_add>2023-08-27 08:19:41</date_add>
    <id_user>1</id_user>
    <average_price/>
    <tendencia>0</tendencia>
  </product>
  <product>
    <id_producto>34</id_producto>
    <name>Guantes de Jardinería</name>
    <supplier>1</supplier>
    <price>2.50</price>
    <stock>120</stock>
    <date_add>2023-08-27 08:19:41</date_add>
    <id_user>1</id_user>
    <average_price/>
    <tendencia>0</tendencia>
  </product>
  <product>
    <id_producto>35</id_producto>
    <name>Cinta de Enmascarar</name>
    <supplier>1</supplier>
    <price>1.50</price>
    <stock>180</stock>
    <date_add>2023-08-27 08:19:41</date_add>
    <id_user>1</id_user>
    <average_price/>
    <tendencia>0</tendencia>
  </product>
  <product>
    <id_producto>36</id_producto>
    <name>Nivel Láser</name>
    <supplier>1</supplier>
    <price>45.00</price>
    <stock>15</stock>
    <date_add>2023-08-27 08:19:41</date_add>
    <id_user>1</id_user>
    <average_price/>
    <tendencia>0</tendencia>
  </product>
  <product>
    <id_producto>37</id_producto>
    <name>Escoba de Cerdas Duras</name>
    <supplier>1</supplier>
    <price>7.00</price>
    <stock>20</stock>
    <date_add>2023-08-27 08:19:41</date_add>
    <id_user>1</id_user>
    <average_price/>
    <tendencia>0</tendencia>
  </product>
  <product>
    <id_producto>38</id_producto>
    <name>Máscara de Protección</name>
    <supplier>1</supplier>
    <price>1.00</price>
    <stock>250</stock>
    <date_add>2023-08-27 08:19:41</date_add>
    <id_user>1</id_user>
    <average_price/>
    <tendencia>0</tendencia>
  </product>
  <product>
    <id_producto>39</id_producto>
    <name>Llave Allen Set</name>
    <supplier>1</supplier>
    <price>10.00</price>
    <stock>65</stock>
    <date_add>2023-08-27 08:19:41</date_add>
    <id_user>1</id_user>
    <average_price/>
    <tendencia>0</tendencia>
  </product>
  <product>
    <id_producto>40</id_producto>
    <name>Cemento de Secado Rápido</name>
    <supplier>1</supplier>
    <price>7.00</price>
    <stock>85</stock>
    <date_add>2023-08-27 08:19:41</date_add>
    <id_user>1</id_user>
    <average_price/>
    <tendencia>0</tendencia>
  </product>
  <product>
    <id_producto>41</id_producto>
    <name>Serrucho de Corte Fino</name>
    <supplier>1</supplier>
    <price>15.00</price>
    <stock>30</stock>
    <date_add>2023-08-27 08:19:41</date_add>
    <id_user>1</id_user>
    <average_price/>
    <tendencia>0</tendencia>
  </product>
  <product>
    <id_producto>42</id_producto>
    <name>Pegamento para Madera</name>
    <supplier>1</supplier>
    <price>4.00</price>
    <stock>110</stock>
    <date_add>2023-08-27 08:19:41</date_add>
    <id_user>1</id_user>
    <average_price/>
    <tendencia>0</tendencia>
  </product>
  <product>
    <id_producto>43</id_producto>
    <name>Cinta de Doble Cara</name>
    <supplier>1</supplier>
    <price>0.80</price>
    <stock>200</stock>
    <date_add>2023-08-27 08:19:41</date_add>
    <id_user>1</id_user>
    <average_price/>
    <tendencia>0</tendencia>
  </product>
  <product>
    <id_producto>44</id_producto>
    <name>Gafas de Protección UV</name>
    <supplier>1</supplier>
    <price>3.00</price>
    <stock>100</stock>
    <date_add>2023-08-27 08:19:41</date_add>
    <id_user>1</id_user>
    <average_price/>
    <tendencia>0</tendencia>
  </product>
  <product>
    <id_producto>45</id_producto>
    <name>Martillo de Carpintero</name>
    <supplier>1</supplier>
    <price>12.00</price>
    <stock>50</stock>
    <date_add>2023-08-27 08:19:41</date_add>
    <id_user>1</id_user>
    <average_price/>
    <tendencia>0</tendencia>
  </product>
  <product>
    <id_producto>46</id_producto>
    <name>Aceite para Madera</name>
    <supplier>1</supplier>
    <price>5.00</price>
    <stock>70</stock>
    <date_add>2023-08-27 08:19:41</date_add>
    <id_user>1</id_user>
    <average_price/>
    <tendencia>0</tendencia>
  </product>
  <product>
    <id_producto>47</id_producto>
    <name>Cepillo de Alambre</name>
    <supplier>1</supplier>
    <price>2.50</price>
    <stock>120</stock>
    <date_add>2023-08-27 08:19:41</date_add>
    <id_user>1</id_user>
    <average_price/>
    <tendencia>0</tendencia>
  </product>
  <product>
    <id_producto>48</id_producto>
    <name>Cepillo para Paredes</name>
    <supplier>1</supplier>
    <price>4.00</price>
    <stock>90</stock>
    <date_add>2023-08-27 08:19:41</date_add>
    <id_user>1</id_user>
    <average_price/>
    <tendencia>0</tendencia>
  </product>
  <product>
    <id_producto>49</id_producto>
    <name>Alicate de Corte</name>
    <supplier>1</supplier>
    <price>6.00</price>
    <stock>110</stock>
    <date_add>2023-08-27 08:19:41</date_add>
    <id_user>1</id_user>
    <average_price/>
    <tendencia>0</tendencia>
  </product>
  <product>
    <id_producto>50</id_producto>
    <name>Caja de Herramientas Grande</name>
    <supplier>1</supplier>
    <price>30.00</price>
    <stock>10</stock>
    <date_add>2023-08-27 08:19:41</date_add>
    <id_user>1</id_user>
    <average_price/>
    <tendencia>0</tendencia>
  </product>
  <product>
    <id_producto>51</id_producto>
    <name>Candado de Seguridad</name>
    <supplier>1</supplier>
    <price>8.00</price>
    <stock>75</stock>
    <date_add>2023-08-27 08:19:41</date_add>
    <id_user>1</id_user>
    <average_price/>
    <tendencia>0</tendencia>
  </product>
  <product>
    <id_producto>52</id_producto>
    <name>Pistola de Calor</name>
    <supplier>1</supplier>
    <price>25.00</price>
    <stock>25</stock>
    <date_add>2023-08-27 08:19:41</date_add>
    <id_user>1</id_user>
    <average_price/>
    <tendencia>0</tendencia>
  </product>
  <product>
    <id_producto>53</id_producto>
    <name>Cinta de Teflón</name>
    <supplier>1</supplier>
    <price>1.00</price>
    <stock>150</stock>
    <date_add>2023-08-27 08:21:08</date_add>
    <id_user>1</id_user>
    <average_price/>
    <tendencia>0</tendencia>
  </product>
  <product>
    <id_producto>54</id_producto>
    <name>Llave de Grifo</name>
    <supplier>1</supplier>
    <price>5.00</price>
    <stock>90</stock>
    <date_add>2023-08-27 08:21:08</date_add>
    <id_user>1</id_user>
    <average_price/>
    <tendencia>0</tendencia>
  </product>
  <product>
    <id_producto>55</id_producto>
    <name>Martillo de Goma</name>
    <supplier>1</supplier>
    <price>10.00</price>
    <stock>40</stock>
    <date_add>2023-08-27 08:21:08</date_add>
    <id_user>1</id_user>
    <average_price/>
    <tendencia>0</tendencia>
  </product>
  <product>
    <id_producto>56</id_producto>
    <name>Destornillador de Precisión</name>
    <supplier>1</supplier>
    <price>3.00</price>
    <stock>120</stock>
    <date_add>2023-08-27 08:21:08</date_add>
    <id_user>1</id_user>
    <average_price/>
    <tendencia>0</tendencia>
  </product>
  <product>
    <id_producto>57</id_producto>
    <name>Lámpara de Trabajo LED</name>
    <supplier>1</supplier>
    <price>15.00</price>
    <stock>30</stock>
    <date_add>2023-08-27 08:21:08</date_add>
    <id_user>1</id_user>
    <average_price/>
    <tendencia>0</tendencia>
  </product>
  <product>
    <id_producto>58</id_producto>
    <name>Tornillo Autoperforante</name>
    <supplier>1</supplier>
    <price>0.20</price>
    <stock>200</stock>
    <date_add>2023-08-27 08:21:08</date_add>
    <id_user>1</id_user>
    <average_price/>
    <tendencia>0</tendencia>
  </product>
  <product>
    <id_producto>59</id_producto>
    <name>Taladro de Impacto</name>
    <supplier>1</supplier>
    <price>140.00</price>
    <stock>20</stock>
    <date_add>2023-08-27 08:21:08</date_add>
    <id_user>1</id_user>
    <average_price/>
    <tendencia>0</tendencia>
  </product>
  <product>
    <id_producto>60</id_producto>
    <name>Máscara Respiratoria</name>
    <supplier>1</supplier>
    <price>4.00</price>
    <stock>80</stock>
    <date_add>2023-08-27 08:21:08</date_add>
    <id_user>1</id_user>
    <average_price/>
    <tendencia>0</tendencia>
  </product>
  <product>
    <id_producto>61</id_producto>
    <name>Adhesivo Epoxi</name>
    <supplier>1</supplier>
    <price>6.00</price>
    <stock>60</stock>
    <date_add>2023-08-27 08:21:08</date_add>
    <id_user>1</id_user>
    <average_price/>
    <tendencia>0</tendencia>
  </product>
  <product>
    <id_producto>62</id_producto>
    <name>Alambre de Acero</name>
    <supplier>1</supplier>
    <price>2.00</price>
    <stock>150</stock>
    <date_add>2023-08-27 08:21:08</date_add>
    <id_user>1</id_user>
    <average_price/>
    <tendencia>0</tendencia>
  </product>
  <product>
    <id_producto>63</id_producto>
    <name>Lija de Grano Fino</name>
    <supplier>1</supplier>
    <price>1.50</price>
    <stock>180</stock>
    <date_add>2023-08-27 08:21:08</date_add>
    <id_user>1</id_user>
    <average_price/>
    <tendencia>0</tendencia>
  </product>
  <product>
    <id_producto>64</id_producto>
    <name>Cepillo Metálico</name>
    <supplier>1</supplier>
    <price>3.00</price>
    <stock>110</stock>
    <date_add>2023-08-27 08:21:08</date_add>
    <id_user>1</id_user>
    <average_price/>
    <tendencia>0</tendencia>
  </product>
  <product>
    <id_producto>65</id_producto>
    <name>Candado de Combinación</name>
    <supplier>1</supplier>
    <price>10.00</price>
    <stock>70</stock>
    <date_add>2023-08-27 08:21:08</date_add>
    <id_user>1</id_user>
    <average_price/>
    <tendencia>0</tendencia>
  </product>
  <product>
    <id_producto>66</id_producto>
    <name>Tornillo de Anclaje</name>
    <supplier>1</supplier>
    <price>0.30</price>
    <stock>130</stock>
    <date_add>2023-08-27 08:21:08</date_add>
    <id_user>1</id_user>
    <average_price/>
    <tendencia>1</tendencia>
  </product>
  <product>
    <id_producto>67</id_producto>
    <name>Guantes Resistentes a Cortes</name>
    <supplier>1</supplier>
    <price>4.00</price>
    <stock>100</stock>
    <date_add>2023-08-27 08:21:08</date_add>
    <id_user>1</id_user>
    <average_price/>
    <tendencia>0</tendencia>
  </product>
  <product>
    <id_producto>68</id_producto>
    <name>Pistola de Silicona</name>
    <supplier>1</supplier>
    <price>8.00</price>
    <stock>50</stock>
    <date_add>2023-08-27 08:21:08</date_add>
    <id_user>1</id_user>
    <average_price/>
    <tendencia>0</tendencia>
  </product>
  <product>
    <id_producto>69</id_producto>
    <name>Serrucho Plegable</name>
    <supplier>1</supplier>
    <price>18.00</price>
    <stock>25</stock>
    <date_add>2023-08-27 08:21:08</date_add>
    <id_user>1</id_user>
    <average_price/>
    <tendencia>0</tendencia>
  </product>
  <product>
    <id_producto>70</id_producto>
    <name>Llave de Impacto</name>
    <supplier>1</supplier>
    <price>25.00</price>
    <stock>15</stock>
    <date_add>2023-08-27 08:21:08</date_add>
    <id_user>1</id_user>
    <average_price/>
    <tendencia>0</tendencia>
  </product>
  <product>
    <id_producto>71</id_producto>
    <name>Caja de Almacenamiento</name>
    <supplier>1</supplier>
    <price>5.00</price>
    <stock>80</stock>
    <date_add>2023-08-27 08:21:08</date_add>
    <id_user>1</id_user>
    <average_price/>
    <tendencia>0</tendencia>
  </product>
  <product>
    <id_producto>72</id_producto>
    <name>Aceite Lubricante</name>
    <supplier>1</supplier>
    <price>3.00</price>
    <stock>120</stock>
    <date_add>2023-08-27 08:21:08</date_add>
    <id_user>1</id_user>
    <average_price/>
    <tendencia>0</tendencia>
  </product>
  <product>
    <id_producto>73</id_producto>
    <name>Escalera de Extensión</name>
    <supplier>1</supplier>
    <price>50.00</price>
    <stock>10</stock>
    <date_add>2023-08-27 08:21:08</date_add>
    <id_user>1</id_user>
    <average_price/>
    <tendencia>0</tendencia>
  </product>
  <product>
    <id_producto>74</id_producto>
    <name>Tornillo de Ojo</name>
    <supplier>1</supplier>
    <price>1.00</price>
    <stock>180</stock>
    <date_add>2023-08-27 08:21:08</date_add>
    <id_user>1</id_user>
    <average_price/>
    <tendencia>0</tendencia>
  </product>
  <product>
    <id_producto>75</id_producto>
    <name>Broca de Madera</name>
    <supplier>1</supplier>
    <price>2.50</price>
    <stock>150</stock>
    <date_add>2023-08-27 08:21:08</date_add>
    <id_user>1</id_user>
    <average_price/>
    <tendencia>0</tendencia>
  </product>
  <product>
    <id_producto>76</id_producto>
    <name>Pala Plegable</name>
    <supplier>1</supplier>
    <price>12.00</price>
    <stock>40</stock>
    <date_add>2023-08-27 08:21:08</date_add>
    <id_user>1</id_user>
    <average_price/>
    <tendencia>0</tendencia>
  </product>
  <product>
    <id_producto>77</id_producto>
    <name>Herramienta de Desbarbado</name>
    <supplier>1</supplier>
    <price>6.00</price>
    <stock>70</stock>
    <date_add>2023-08-27 08:21:08</date_add>
    <id_user>1</id_user>
    <average_price/>
    <tendencia>0</tendencia>
  </product>
  <product>
    <id_producto>78</id_producto>
    <name>Papel de Lija</name>
    <supplier>1</supplier>
    <price>1.00</price>
    <stock>200</stock>
    <date_add>2023-08-27 08:21:08</date_add>
    <id_user>1</id_user>
    <average_price/>
    <tendencia>1</tendencia>
  </product>
  <product>
    <id_producto>79</id_producto>
    <name>Gafas de Visión Nocturna</name>
    <supplier>1</supplier>
    <price>20.00</price>
    <stock>20</stock>
    <date_add>2023-08-27 08:21:08</date_add>
    <id_user>1</id_user>
    <average_price/>
    <tendencia>0</tendencia>
  </product>
  <product>
    <id_producto>80</id_producto>
    <name>Sierra de Calar</name>
    <supplier>1</supplier>
    <price>30.00</price>
    <stock>30</stock>
    <date_add>2023-08-27 08:21:08</date_add>
    <id_user>1</id_user>
    <average_price/>
    <tendencia>0</tendencia>
  </product>
  <product>
    <id_producto>81</id_producto>
    <name>Taladro de Banco</name>
    <supplier>1</supplier>
    <price>180.00</price>
    <stock>10</stock>
    <date_add>2023-08-27 08:21:08</date_add>
    <id_user>1</id_user>
    <average_price/>
    <tendencia>0</tendencia>
  </product>
  <product>
    <id_producto>82</id_producto>
    <name>Cepillo de Limpieza</name>
    <supplier>1</supplier>
    <price>2.00</price>
    <stock>100</stock>
    <date_add>2023-08-27 08:21:08</date_add>
    <id_user>1</id_user>
    <average_price/>
    <tendencia>0</tendencia>
  </product>
  <product>
    <id_producto>83</id_producto>
    <name>Nivel de Torpedo</name>
    <supplier>1</supplier>
    <price>5.00</price>
    <stock>65</stock>
    <date_add>2023-08-27 08:21:08</date_add>
    <id_user>1</id_user>
    <average_price/>
    <tendencia>0</tendencia>
  </product>
  <product>
    <id_producto>84</id_producto>
    <name>Broca de Metal</name>
    <supplier>1</supplier>
    <price>3.00</price>
    <stock>120</stock>
    <date_add>2023-08-27 08:21:08</date_add>
    <id_user>1</id_user>
    <average_price/>
    <tendencia>0</tendencia>
  </product>
  <product>
    <id_producto>85</id_producto>
    <name>Ollas</name>
    <supplier>4</supplier>
    <price>12.00</price>
    <stock>12</stock>
    <date_add>2023-08-27 16:01:13</date_add>
    <id_user>1</id_user>
    <average_price/>
    <tendencia>0</tendencia>
  </product>
  <product>
    <id_producto>86</id_producto>
    <name>Ollas2</name>
    <supplier>3</supplier>
    <price>123.00</price>
    <stock>123</stock>
    <date_add>2023-08-27 16:01:42</date_add>
    <id_user>1</id_user>
    <average_price/>
    <tendencia>0</tendencia>
  </product>
  <product>
    <id_producto>87</id_producto>
    <name>Ollas3</name>
    <supplier>3</supplier>
    <price>21.00</price>
    <stock>12</stock>
    <date_add>2023-08-27 16:02:17</date_add>
    <id_user>1</id_user>
    <average_price/>
    <tendencia>0</tendencia>
  </product>
  <product>
    <id_producto>88</id_producto>
    <name>Madera</name>
    <supplier>4</supplier>
    <price>12.00</price>
    <stock>12</stock>
    <date_add>2023-08-27 16:05:02</date_add>
    <id_user>1</id_user>
    <average_price/>
    <tendencia>0</tendencia>
  </product>
  <product>
    <id_producto>89</id_producto>
    <name>1</name>
    <supplier>3</supplier>
    <price>12.00</price>
    <stock>12</stock>
    <date_add>2023-08-27 16:06:10</date_add>
    <id_user>1</id_user>
    <average_price/>
    <tendencia>0</tendencia>
  </product>
  <product>
    <id_producto>90</id_producto>
    <name>asd</name>
    <supplier>3</supplier>
    <price>12.00</price>
    <stock>12</stock>
    <date_add>2023-08-27 16:07:26</date_add>
    <id_user>1</id_user>
    <average_price/>
    <tendencia>0</tendencia>
  </product>
  <product>
    <id_producto>91</id_producto>
    <name>Laca</name>
    <supplier>2</supplier>
    <price>20.00</price>
    <stock>300</stock>
    <date_add>2023-08-27 17:05:17</date_add>
    <id_user>1</id_user>
    <average_price/>
    <tendencia>0</tendencia>
  </product>
  <product>
    <id_producto>92</id_producto>
    <name>Clavos 10mm</name>
    <supplier>1</supplier>
    <price>0.50</price>
    <stock>400</stock>
    <date_add>2023-08-27 17:09:21</date_add>
    <id_user>1</id_user>
    <average_price/>
    <tendencia>0</tendencia>
  </product>
</products>
