<?xml version="1.0" encoding="UTF-8"?>
<products>
  <product>
    <id_producto>1</id_producto>
    <name>Madera</name>
    <supplier>1</supplier>
    <price>34.56</price>
    <stock>160</stock>
    <date_add>2023-08-30 01:42:48</date_add>
    <id_user>1</id_user>
  </product>
  <product>
    <id_producto>2</id_producto>
    <name>Triplex</name>
    <supplier>1</supplier>
    <price>40.00</price>
    <stock>80</stock>
    <date_add>2023-08-30 01:43:50</date_add>
    <id_user>1</id_user>
  </product>
</products>
